{"error": false, "size": [1920, 1080], "name": "BOOM", "version": "2.0", "location": {"label": {"bauti_ruta": ["game/bauti_ruta.rpy", 1], "rompe_cabezas": ["game/bauti_ruta.rpy", 28], "bauti_secre": ["game/bauti_ruta.rpy", 34], "casa_explota": ["game/casa_explota.rpy", 1], "final_bueno": ["game/final_bueno.rpy", 1], "final_malo": ["game/final_malo.rpy", 1], "final_muy_malo": ["game/final_muy_malo.rpy", 1], "luis_ruta": ["game/luis_ruta.rpy", 1], "flashea_vidente": ["game/luis_ruta.rpy", 32], "miedosos": ["game/luis_ruta.rpy", 35], "start": ["game/script.rpy", 1], "pregunta_bomba_1": ["game/script.rpy", 44], "siguiente_paso": ["game/script.rpy", 57], "siguente_pregunta": ["game/script.rpy", 78], "parte_3": ["game/script.rpy", 88], "pregunta_3": ["game/script.rpy", 100], "pregunta_4": ["game/script.rpy", 122], "pregunta_5": ["game/script.rpy", 135], "sol_ruta": ["game/sol_ruta.rpy", 1], "final_sol_secreto": ["game/sol_ruta.rpy", 36], "una_banda": ["game/sol_ruta.rpy", 40], "tiempo_libre": ["game/tiempo_libre.rpy", 1]}, "define": {"config.check_conflicting_properties": ["game/gui.rpy", 16], "gui.accent_color": ["game/gui.rpy", 29], "gui.idle_color": ["game/gui.rpy", 32], "gui.idle_small_color": ["game/gui.rpy", 35], "gui.hover_color": ["game/gui.rpy", 38], "gui.selected_color": ["game/gui.rpy", 42], "gui.insensitive_color": ["game/gui.rpy", 45], "gui.muted_color": ["game/gui.rpy", 49], "gui.hover_muted_color": ["game/gui.rpy", 50], "gui.text_color": ["game/gui.rpy", 53], "gui.interface_text_color": ["game/gui.rpy", 54], "gui.text_font": ["game/gui.rpy", 60], "gui.name_text_font": ["game/gui.rpy", 63], "gui.interface_text_font": ["game/gui.rpy", 66], "gui.text_size": ["game/gui.rpy", 69], "gui.name_text_size": ["game/gui.rpy", 72], "gui.interface_text_size": ["game/gui.rpy", 75], "gui.label_text_size": ["game/gui.rpy", 78], "gui.notify_text_size": ["game/gui.rpy", 81], "gui.title_text_size": ["game/gui.rpy", 84], "gui.main_menu_background": ["game/gui.rpy", 90], "gui.game_menu_background": ["game/gui.rpy", 91], "gui.textbox_height": ["game/gui.rpy", 100], "gui.textbox_yalign": ["game/gui.rpy", 104], "gui.name_xpos": ["game/gui.rpy", 110], "gui.name_ypos": ["game/gui.rpy", 111], "gui.name_xalign": ["game/gui.rpy", 115], "gui.namebox_width": ["game/gui.rpy", 119], "gui.namebox_height": ["game/gui.rpy", 120], "gui.namebox_borders": ["game/gui.rpy", 124], "gui.namebox_tile": ["game/gui.rpy", 128], "gui.dialogue_xpos": ["game/gui.rpy", 133], "gui.dialogue_ypos": ["game/gui.rpy", 134], "gui.dialogue_width": ["game/gui.rpy", 137], "gui.dialogue_text_xalign": ["game/gui.rpy", 141], "gui.button_width": ["game/gui.rpy", 151], "gui.button_height": ["game/gui.rpy", 152], "gui.button_borders": ["game/gui.rpy", 156], "gui.button_tile": ["game/gui.rpy", 160], "gui.button_text_font": ["game/gui.rpy", 163], "gui.button_text_size": ["game/gui.rpy", 166], "gui.button_text_idle_color": ["game/gui.rpy", 169], "gui.button_text_hover_color": ["game/gui.rpy", 170], "gui.button_text_selected_color": ["game/gui.rpy", 171], "gui.button_text_insensitive_color": ["game/gui.rpy", 172], "gui.button_text_xalign": ["game/gui.rpy", 176], "gui.radio_button_borders": ["game/gui.rpy", 184], "gui.check_button_borders": ["game/gui.rpy", 186], "gui.confirm_button_text_xalign": ["game/gui.rpy", 188], "gui.page_button_borders": ["game/gui.rpy", 190], "gui.quick_button_borders": ["game/gui.rpy", 192], "gui.quick_button_text_size": ["game/gui.rpy", 193], "gui.quick_button_text_idle_color": ["game/gui.rpy", 194], "gui.quick_button_text_selected_color": ["game/gui.rpy", 195], "gui.choice_button_width": ["game/gui.rpy", 208], "gui.choice_button_height": ["game/gui.rpy", 209], "gui.choice_button_tile": ["game/gui.rpy", 210], "gui.choice_button_borders": ["game/gui.rpy", 211], "gui.choice_button_text_font": ["game/gui.rpy", 212], "gui.choice_button_text_size": ["game/gui.rpy", 213], "gui.choice_button_text_xalign": ["game/gui.rpy", 214], "gui.choice_button_text_idle_color": ["game/gui.rpy", 215], "gui.choice_button_text_hover_color": ["game/gui.rpy", 216], "gui.choice_button_text_insensitive_color": ["game/gui.rpy", 217], "gui.slot_button_width": ["game/gui.rpy", 227], "gui.slot_button_height": ["game/gui.rpy", 228], "gui.slot_button_borders": ["game/gui.rpy", 229], "gui.slot_button_text_size": ["game/gui.rpy", 230], "gui.slot_button_text_xalign": ["game/gui.rpy", 231], "gui.slot_button_text_idle_color": ["game/gui.rpy", 232], "gui.slot_button_text_selected_idle_color": ["game/gui.rpy", 233], "gui.slot_button_text_selected_hover_color": ["game/gui.rpy", 234], "config.thumbnail_width": ["game/gui.rpy", 237], "config.thumbnail_height": ["game/gui.rpy", 238], "gui.file_slot_cols": ["game/gui.rpy", 241], "gui.file_slot_rows": ["game/gui.rpy", 242], "gui.navigation_xpos": ["game/gui.rpy", 252], "gui.skip_ypos": ["game/gui.rpy", 255], "gui.notify_ypos": ["game/gui.rpy", 258], "gui.choice_spacing": ["game/gui.rpy", 261], "gui.navigation_spacing": ["game/gui.rpy", 264], "gui.pref_spacing": ["game/gui.rpy", 267], "gui.pref_button_spacing": ["game/gui.rpy", 270], "gui.page_spacing": ["game/gui.rpy", 273], "gui.slot_spacing": ["game/gui.rpy", 276], "gui.main_menu_text_xalign": ["game/gui.rpy", 279], "gui.frame_borders": ["game/gui.rpy", 288], "gui.confirm_frame_borders": ["game/gui.rpy", 291], "gui.skip_frame_borders": ["game/gui.rpy", 294], "gui.notify_frame_borders": ["game/gui.rpy", 297], "gui.frame_tile": ["game/gui.rpy", 300], "gui.bar_size": ["game/gui.rpy", 314], "gui.scrollbar_size": ["game/gui.rpy", 315], "gui.slider_size": ["game/gui.rpy", 316], "gui.bar_tile": ["game/gui.rpy", 320], "gui.scrollbar_tile": ["game/gui.rpy", 321], "gui.slider_tile": ["game/gui.rpy", 322], "gui.bar_borders": ["game/gui.rpy", 325], "gui.scrollbar_borders": ["game/gui.rpy", 326], "gui.slider_borders": ["game/gui.rpy", 327], "gui.vbar_borders": ["game/gui.rpy", 330], "gui.vscrollbar_borders": ["game/gui.rpy", 331], "gui.vslider_borders": ["game/gui.rpy", 332], "gui.unscrollable": ["game/gui.rpy", 336], "config.history_length": ["game/gui.rpy", 344], "gui.history_height": ["game/gui.rpy", 348], "gui.history_spacing": ["game/gui.rpy", 351], "gui.history_name_xpos": ["game/gui.rpy", 355], "gui.history_name_ypos": ["game/gui.rpy", 356], "gui.history_name_width": ["game/gui.rpy", 357], "gui.history_name_xalign": ["game/gui.rpy", 358], "gui.history_text_xpos": ["game/gui.rpy", 361], "gui.history_text_ypos": ["game/gui.rpy", 362], "gui.history_text_width": ["game/gui.rpy", 363], "gui.history_text_xalign": ["game/gui.rpy", 364], "gui.nvl_borders": ["game/gui.rpy", 372], "gui.nvl_list_length": ["game/gui.rpy", 376], "gui.nvl_height": ["game/gui.rpy", 380], "gui.nvl_spacing": ["game/gui.rpy", 384], "gui.nvl_name_xpos": ["game/gui.rpy", 388], "gui.nvl_name_ypos": ["game/gui.rpy", 389], "gui.nvl_name_width": ["game/gui.rpy", 390], "gui.nvl_name_xalign": ["game/gui.rpy", 391], "gui.nvl_text_xpos": ["game/gui.rpy", 394], "gui.nvl_text_ypos": ["game/gui.rpy", 395], "gui.nvl_text_width": ["game/gui.rpy", 396], "gui.nvl_text_xalign": ["game/gui.rpy", 397], "gui.nvl_thought_xpos": ["game/gui.rpy", 401], "gui.nvl_thought_ypos": ["game/gui.rpy", 402], "gui.nvl_thought_width": ["game/gui.rpy", 403], "gui.nvl_thought_xalign": ["game/gui.rpy", 404], "gui.nvl_button_xpos": ["game/gui.rpy", 407], "gui.nvl_button_xalign": ["game/gui.rpy", 408], "gui.language": ["game/gui.rpy", 418], "quick_menu": ["game/screens.rpy", 266], "gui.history_allow_tags": ["game/screens.rpy", 931], "config.nvl_list_length": ["game/screens.rpy", 1359], "bubble.frame": ["game/screens.rpy", 1468], "bubble.thoughtframe": ["game/screens.rpy", 1469], "bubble.properties": ["game/screens.rpy", 1471], "bubble.expand_area": ["game/screens.rpy", 1497], "explota": ["game/audio.rpy", 1], "ambiente": ["game/audio.rpy", 2], "audio.happy": ["game/audio.rpy", 3], "e": ["game/characters.rpy", 1], "i": ["game/characters.rpy", 2], "a": ["game/characters.rpy", 3], "player": ["game/characters.rpy", 4], "bombita": ["game/characters.rpy", 5], "s": ["game/characters.rpy", 6], "config.name": ["game/options.rpy", 16], "gui.show_name": ["game/options.rpy", 22], "config.version": ["game/options.rpy", 27], "gui.about": ["game/options.rpy", 33], "build.name": ["game/options.rpy", 40], "config.has_sound": ["game/options.rpy", 49], "config.has_music": ["game/options.rpy", 50], "config.has_voice": ["game/options.rpy", 51], "config.enter_transition": ["game/options.rpy", 76], "config.exit_transition": ["game/options.rpy", 77], "config.intra_transition": ["game/options.rpy", 82], "config.after_load_transition": ["game/options.rpy", 87], "config.end_game_transition": ["game/options.rpy", 92], "config.window": ["game/options.rpy", 109], "config.window_show_transition": ["game/options.rpy", 114], "config.window_hide_transition": ["game/options.rpy", 115], "config.save_directory": ["game/options.rpy", 147], "config.window_icon": ["game/options.rpy", 154]}, "screen": {"say": ["game/screens.rpy", 98], "input": ["game/screens.rpy", 174], "choice": ["game/screens.rpy", 207], "quick_menu": ["game/screens.rpy", 1517], "navigation": ["game/screens.rpy", 287], "main_menu": ["game/screens.rpy", 350], "game_menu": ["game/screens.rpy", 415], "about": ["game/screens.rpy", 546], "save": ["game/screens.rpy", 586], "load": ["game/screens.rpy", 593], "file_slots": ["game/screens.rpy", 600], "preferences": ["game/screens.rpy", 731], "history": ["game/screens.rpy", 890], "help": ["game/screens.rpy", 979], "keyboard_help": ["game/screens.rpy", 1008], "mouse_help": ["game/screens.rpy", 1059], "gamepad_help": ["game/screens.rpy", 1082], "confirm": ["game/screens.rpy", 1147], "skip_indicator": ["game/screens.rpy", 1211], "notify": ["game/screens.rpy", 1267], "nvl": ["game/screens.rpy", 1306], "nvl_dialogue": ["game/screens.rpy", 1338], "bubble": ["game/screens.rpy", 1426]}, "transform": {"delayed_blink": ["game/screens.rpy", 1229], "notify_appear": ["game/screens.rpy", 1278]}, "callable": {"touch": ["game/gui.rpy", 430], "small": ["game/gui.rpy", 437]}}, "build": {"directory_name": "BOOM-2.0", "executable_name": "BOOM", "include_update": false, "packages": [{"name": "gameonly", "formats": ["null"], "file_lists": ["all"], "description": "Game-Only Update for Mobile", "update": true, "dlc": false, "hidden": true}, {"name": "pc", "formats": ["zip"], "file_lists": ["windows", "linux", "renpy", "all"], "description": "PC: Windows and Linux", "update": true, "dlc": false, "hidden": false}, {"name": "linux", "formats": ["tar.bz2"], "file_lists": ["linux", "linux_arm", "renpy", "all"], "description": "Linux", "update": true, "dlc": false, "hidden": false}, {"name": "mac", "formats": ["app-zip", "app-dmg"], "file_lists": ["mac", "renpy", "all"], "description": "Macintosh", "update": true, "dlc": false, "hidden": false}, {"name": "win", "formats": ["zip"], "file_lists": ["windows", "renpy", "all"], "description": "Windows", "update": true, "dlc": false, "hidden": false}, {"name": "market", "formats": ["bare-zip"], "file_lists": ["windows", "linux", "mac", "renpy", "all"], "description": "Windows, Mac, Linux for Markets", "update": true, "dlc": false, "hidden": false}, {"name": "steam", "formats": ["zip"], "file_lists": ["windows", "linux", "mac", "renpy", "all"], "description": "steam", "update": true, "dlc": false, "hidden": true}, {"name": "android", "formats": ["directory"], "file_lists": ["android", "all"], "description": "android", "update": false, "dlc": true, "hidden": true}, {"name": "ios", "formats": ["directory"], "file_lists": ["ios", "all"], "description": "ios", "update": false, "dlc": true, "hidden": true}, {"name": "web", "formats": ["zip"], "file_lists": ["web", "renpy", "all"], "description": "web", "update": false, "dlc": true, "hidden": true}], "archives": [["archive", ["all"]]], "documentation_patterns": ["*.html", "*.txt"], "base_patterns": [["*.py", null], ["*.sh", null], ["*.app/", null], ["*.dll", null], ["*.manifest", null], ["*.keystore", null], ["**.rpe.py", null], ["update.pem", null], ["lib/", null], ["renpy/", null], ["update/", null], ["common/", null], ["update/", null], ["old-game/", null], ["base/", null], ["icon.ico", null], ["icon.icns", null], ["project.json", null], ["log.txt", null], ["errors.txt", null], ["traceback.txt", null], ["image_cache.txt", null], ["text_overflow.txt", null], ["dialogue.txt", null], ["dialogue.tab", null], ["profile_screen.txt", null], ["files.txt", null], ["memory.txt", null], ["tmp/", null], ["game/saves/", null], ["game/bytecode.rpyb", null], ["archived/", null], ["launcherinfo.py", null], ["android.txt", null], ["game/presplash*.*", ["all"]], ["android.json", ["android"]], [".android.json", ["android"]], ["android-*.png", ["android"]], ["android-*.jpg", ["android"]], ["ouya_icon.png", null], ["ios-presplash.*", ["ios"]], ["ios-launchimage.png", null], ["ios-icon.png", null], ["web-presplash.png", ["web"]], ["web-presplash.jpg", ["web"]], ["web-presplash.webp", ["web"]], ["web-icon.png", ["web"]], ["progressive_download.txt", ["web"]], ["steam_appid.txt", null], ["game/cache/bytecode-39.rpyb", ["all"]], ["game/cache/bytecode-311.rpyb", ["web"]], ["game/cache/bytecode-*.rpyb", null], ["game/cache/build_info.json", null], ["game/cache/build_time.txt", null], ["**~", null], ["**.bak", null], ["**/.**", null], ["**/#**", null], ["**/thumbs.db", null], [".*", null], ["**", ["all"]]], "renpy_patterns": [["renpy/common/_compat/**", null], ["renpy/common/_roundrect/**", null], ["renpy/common/_outline/**", null], ["renpy/common/_theme**", null], ["renpy/**__pycache__/**.cpython-39.pyc", ["all"]], ["renpy/**__pycache__", ["all"]], ["**~", null], ["**/#*", null], ["**/.*", null], ["**.old", null], ["**.new", null], ["**.rpa", null], ["**.rpe", null], ["**.rpe.py", null], ["**/steam_appid.txt", null], ["renpy.py", ["all"]], ["renpy/", ["all"]], ["renpy/**.py", ["renpy"]], ["renpy/**.pxd", null], ["renpy/**.pxi", null], ["renpy/**.pyx", null], ["renpy/**.pyc", null], ["renpy/**.pyo", null], ["renpy/common/", ["all"]], ["renpy/common/_compat/**", ["renpy"]], ["renpy/common/**.rpy", ["renpy"]], ["renpy/common/**.rpym", ["renpy"]], ["renpy/common/_compat/**", ["renpy"]], ["renpy/common/**", ["all"]], ["renpy/**", ["all"]], ["lib/*/renpy", null], ["lib/*/renpy.exe", null], ["lib/*/pythonw.exe", null], ["lib/py2-*/", null], ["lib/py*-windows-i686/**", ["windows_i686"]], ["lib/py*-windows-x86_64/**", ["windows"]], ["lib/py*-linux-i686/**", ["linux_i686"]], ["lib/py*-linux-aarch64/**", ["linux_arm"]], ["lib/py*-linux-armv7l/**", ["linux_arm"]], ["lib/py*-linux-*/**", ["linux"]], ["lib/py*-mac-*/**", ["mac"]], ["lib/python2.*/**", null], ["lib/**", ["windows", "linux", "mac", "android", "ios"]], ["renpy.sh", ["linux", "mac"]]], "xbit_patterns": ["**.sh", "lib/py*-linux-*/*", "lib/py*-mac-*/*", "**.app/Contents/MacOS/*"], "version": "2.0", "display_name": "BOOM", "exclude_empty_directories": true, "allow_integrated_gpu": true, "renpy": false, "script_version": true, "destination": "BOOM-2.0-dists", "itch_channels": {"*-all.zip": "win-osx-linux", "*-market.zip": "win-osx-linux", "*-pc.zip": "win-linux", "*-win.zip": "win", "*-mac.zip": "osx", "*-linux.tar.bz2": "linux", "*-release.apk": "android"}, "mac_info_plist": {}, "merge": [["linux_i686", "linux"], ["windows_i686", "windows"]], "include_i686": true, "change_icon_i686": true, "android_permissions": [], "_sdk_fonts": false, "update_formats": ["rpu"], "info": {"info": {}, "time": 1740530808.610812, "name": "BOOM", "version": "2.0"}}}